id,AssetID,CalibrationSchedule,LastCalibrationDate,NextCalibrationDate,CalibrationPerformedBy,CalibrationRecords
CR1,A73,Quaterly,2024-02-13,2024-04-13,Smith,Calibration records details...
CR2,A153,Quaterly,2023-11-01,2024-01-01,Jackie,Calibration records details...
CR3,A180,Quaterly,2023-09-04,2023-11-04,Smith,Calibration records details...
CR4,A29,Quaterly,2024-03-29,2024-05-29,Smith,Calibration records details...
CR5,A90,Quaterly,2024-03-17,2024-05-17,Smith,Calibration records details...
CR6,A87,Quaterly,2023-11-12,2024-01-12,Jackie,Calibration records details...
CR7,A187,Quaterly,2024-03-31,2024-05-31,Smith,Calibration records details...
CR8,A171,Quaterly,2023-11-02,2024-01-02,Smith,Calibration records details...
CR9,A29,Quaterly,2023-06-24,2023-08-24,Smith,Calibration records details...
CR10,A127,Quaterly,2023-06-20,2023-08-20,Snow,Calibration records details...
CR11,A60,Quaterly,2023-12-30,2024-02-29,Smith,Calibration records details...
CR12,A93,Quaterly,2023-08-31,2023-10-31,Jackie,Calibration records details...
CR13,A108,Quaterly,2023-07-07,2023-09-07,Smith,Calibration records details...
CR14,A109,Quaterly,2023-12-28,2024-02-28,Snow,Calibration records details...
CR15,A40,Quaterly,2024-03-09,2024-05-09,Smith,Calibration records details...
CR16,A26,Quaterly,2023-07-29,2023-09-29,Jackie,Calibration records details...
CR17,A58,Quaterly,2024-03-04,2024-05-04,Jackie,Calibration records details...
CR18,A34,Quaterly,2023-12-07,2024-02-07,Jackie,Calibration records details...
CR19,A189,Quaterly,2023-06-22,2023-08-22,Smith,Calibration records details...
CR20,A1,Quaterly,2023-12-10,2024-02-10,Smith,Calibration records details...
CR21,A99,Quaterly,2024-04-10,2024-06-10,Jackie,Calibration records details...
CR22,A108,Quaterly,2023-09-24,2023-11-24,Jackie,Calibration records details...
CR23,A134,Quaterly,2023-07-06,2023-09-06,Jackie,Calibration records details...
CR24,A112,Quaterly,2023-10-14,2023-12-14,Smith,Calibration records details...
CR25,A154,Quaterly,2024-01-18,2024-03-18,Snow,Calibration records details...
CR26,A51,Quaterly,2024-03-18,2024-05-18,Snow,Calibration records details...
CR27,A173,Quaterly,2024-05-07,2024-07-07,Snow,Calibration records details...
CR28,A3,Quaterly,2023-09-20,2023-11-20,Snow,Calibration records details...
CR29,A148,Quaterly,2024-06-05,2024-08-05,Smith,Calibration records details...
CR30,A5,Quaterly,2023-12-31,2024-02-29,Snow,Calibration records details...
CR31,A28,Quaterly,2023-06-27,2023-08-27,Smith,Calibration records details...
CR32,A115,Quaterly,2023-08-14,2023-10-14,Jackie,Calibration records details...
CR33,A28,Quaterly,2024-04-12,2024-06-12,Snow,Calibration records details...
CR34,A72,Quaterly,2023-09-06,2023-11-06,Snow,Calibration records details...
CR35,A19,Quaterly,2023-08-22,2023-10-22,Jackie,Calibration records details...
CR36,A167,Quaterly,2024-05-18,2024-07-18,Jackie,Calibration records details...
CR37,A77,Quaterly,2024-01-13,2024-03-13,Jackie,Calibration records details...
CR38,A5,Quaterly,2024-03-02,2024-05-02,Jackie,Calibration records details...
CR39,A168,Quaterly,2023-06-15,2023-08-15,Smith,Calibration records details...
CR40,A55,Quaterly,2023-07-15,2023-09-15,Jackie,Calibration records details...
CR41,A196,Quaterly,2024-04-26,2024-06-26,Snow,Calibration records details...
CR42,A29,Quaterly,2023-11-25,2024-01-25,Smith,Calibration records details...
CR43,A76,Quaterly,2024-02-11,2024-04-11,Smith,Calibration records details...
CR44,A1,Quaterly,2023-06-25,2023-08-25,Jackie,Calibration records details...
CR45,A131,Quaterly,2024-03-15,2024-05-15,Snow,Calibration records details...
CR46,A145,Quaterly,2023-11-09,2024-01-09,Snow,Calibration records details...
CR47,A163,Quaterly,2023-07-07,2023-09-07,Jackie,Calibration records details...
CR48,A76,Quaterly,2024-01-01,2024-03-01,Snow,Calibration records details...
CR49,A151,Quaterly,2023-09-06,2023-11-06,Jackie,Calibration records details...
CR50,A24,Quaterly,2023-11-09,2024-01-09,Smith,Calibration records details...
CR51,A19,Quaterly,2024-04-26,2024-06-26,Snow,Calibration records details...
CR52,A156,Quaterly,2024-06-11,2024-08-11,Smith,Calibration records details...
CR53,A173,Quaterly,2024-01-30,2024-03-30,Smith,Calibration records details...
CR54,A31,Quaterly,2023-12-28,2024-02-28,Snow,Calibration records details...
CR55,A47,Quaterly,2024-05-08,2024-07-08,Jackie,Calibration records details...
CR56,A155,Quaterly,2024-06-02,2024-08-02,Jackie,Calibration records details...
CR57,A107,Quaterly,2023-12-23,2024-02-23,Smith,Calibration records details...
CR58,A107,Quaterly,2023-11-11,2024-01-11,Smith,Calibration records details...
CR59,A195,Quaterly,2024-04-01,2024-06-01,Smith,Calibration records details...
CR60,A170,Quaterly,2023-07-27,2023-09-27,Smith,Calibration records details...
CR61,A92,Quaterly,2023-09-02,2023-11-02,Snow,Calibration records details...
CR62,A117,Quaterly,2023-06-22,2023-08-22,Jackie,Calibration records details...
CR63,A67,Quaterly,2024-03-01,2024-05-01,Jackie,Calibration records details...
CR64,A66,Quaterly,2023-09-27,2023-11-27,Smith,Calibration records details...
CR65,A163,Quaterly,2023-08-01,2023-10-01,Smith,Calibration records details...
CR66,A87,Quaterly,2024-01-12,2024-03-12,Jackie,Calibration records details...
CR67,A166,Quaterly,2023-08-21,2023-10-21,Snow,Calibration records details...
CR68,A49,Quaterly,2023-11-22,2024-01-22,Jackie,Calibration records details...
CR69,A80,Quaterly,2023-09-07,2023-11-07,Jackie,Calibration records details...
CR70,A123,Quaterly,2024-06-10,2024-08-10,Snow,Calibration records details...
CR71,A46,Quaterly,2023-10-07,2023-12-07,Jackie,Calibration records details...
CR72,A75,Quaterly,2023-10-27,2023-12-27,Snow,Calibration records details...
CR73,A46,Quaterly,2023-07-27,2023-09-27,Jackie,Calibration records details...
CR74,A30,Quaterly,2023-12-29,2024-02-29,Snow,Calibration records details...
CR75,A104,Quaterly,2023-07-01,2023-09-01,Jackie,Calibration records details...
CR76,A39,Quaterly,2024-06-13,2024-08-13,Jackie,Calibration records details...
CR77,A134,Quaterly,2024-02-24,2024-04-24,Smith,Calibration records details...
CR78,A174,Quaterly,2024-01-28,2024-03-28,Smith,Calibration records details...
CR79,A60,Quaterly,2023-09-25,2023-11-25,Smith,Calibration records details...
CR80,A55,Quaterly,2023-10-02,2023-12-02,Jackie,Calibration records details...
CR81,A162,Quaterly,2023-08-14,2023-10-14,Jackie,Calibration records details...
CR82,A55,Quaterly,2023-12-08,2024-02-08,Snow,Calibration records details...
CR83,A132,Quaterly,2024-03-26,2024-05-26,Jackie,Calibration records details...
CR84,A162,Quaterly,2024-02-03,2024-04-03,Jackie,Calibration records details...
CR85,A124,Quaterly,2024-03-09,2024-05-09,Smith,Calibration records details...
CR86,A171,Quaterly,2023-09-21,2023-11-21,Snow,Calibration records details...
CR87,A66,Quaterly,2024-01-31,2024-03-31,Jackie,Calibration records details...
CR88,A46,Quaterly,2023-07-13,2023-09-13,Jackie,Calibration records details...
CR89,A52,Quaterly,2023-12-21,2024-02-21,Jackie,Calibration records details...
CR90,A156,Quaterly,2023-08-04,2023-10-04,Smith,Calibration records details...
CR91,A169,Quaterly,2024-02-01,2024-04-01,Smith,Calibration records details...
CR92,A143,Quaterly,2023-11-02,2024-01-02,Snow,Calibration records details...
CR93,A145,Quaterly,2024-04-09,2024-06-09,Smith,Calibration records details...
CR94,A149,Quaterly,2024-01-19,2024-03-19,Smith,Calibration records details...
CR95,A162,Quaterly,2023-11-14,2024-01-14,Jackie,Calibration records details...
CR96,A53,Quaterly,2023-09-09,2023-11-09,Jackie,Calibration records details...
CR97,A114,Quaterly,2024-01-26,2024-03-26,Jackie,Calibration records details...
CR98,A163,Quaterly,2023-06-25,2023-08-25,Snow,Calibration records details...
CR99,A142,Quaterly,2024-01-13,2024-03-13,Jackie,Calibration records details...
CR100,A21,Quaterly,2023-10-13,2023-12-13,Snow,Calibration records details...
CR101,A140,Quaterly,2023-11-30,2024-01-30,Smith,Calibration records details...
CR102,A144,Quaterly,2023-10-17,2023-12-17,Smith,Calibration records details...
CR103,A39,Quaterly,2024-02-18,2024-04-18,Smith,Calibration records details...
CR104,A151,Quaterly,2023-12-25,2024-02-25,Snow,Calibration records details...
CR105,A153,Quaterly,2023-07-19,2023-09-19,Smith,Calibration records details...
CR106,A113,Quaterly,2024-05-22,2024-07-22,Smith,Calibration records details...
CR107,A176,Quaterly,2023-08-09,2023-10-09,Smith,Calibration records details...
CR108,A110,Quaterly,2024-02-26,2024-04-26,Smith,Calibration records details...
CR109,A121,Quaterly,2023-12-25,2024-02-25,Jackie,Calibration records details...
CR110,A71,Quaterly,2024-03-19,2024-05-19,Smith,Calibration records details...
CR111,A125,Quaterly,2024-01-26,2024-03-26,Smith,Calibration records details...
CR112,A189,Quaterly,2024-05-31,2024-07-31,Jackie,Calibration records details...
CR113,A115,Quaterly,2023-06-28,2023-08-28,Snow,Calibration records details...
CR114,A124,Quaterly,2023-12-01,2024-02-01,Snow,Calibration records details...
CR115,A154,Quaterly,2023-12-12,2024-02-12,Snow,Calibration records details...
CR116,A177,Quaterly,2023-11-12,2024-01-12,Jackie,Calibration records details...
CR117,A158,Quaterly,2023-10-10,2023-12-10,Jackie,Calibration records details...
CR118,A127,Quaterly,2023-10-23,2023-12-23,Smith,Calibration records details...
CR119,A27,Quaterly,2023-12-09,2024-02-09,Smith,Calibration records details...
CR120,A187,Quaterly,2023-07-13,2023-09-13,Jackie,Calibration records details...
CR121,A110,Quaterly,2024-04-07,2024-06-07,Snow,Calibration records details...
CR122,A61,Quaterly,2023-06-16,2023-08-16,Jackie,Calibration records details...
CR123,A197,Quaterly,2024-04-21,2024-06-21,Snow,Calibration records details...
CR124,A21,Quaterly,2024-01-24,2024-03-24,Jackie,Calibration records details...
CR125,A6,Quaterly,2023-08-14,2023-10-14,Smith,Calibration records details...
CR126,A72,Quaterly,2023-09-18,2023-11-18,Smith,Calibration records details...
CR127,A191,Quaterly,2024-05-04,2024-07-04,Jackie,Calibration records details...
CR128,A190,Quaterly,2023-08-26,2023-10-26,Snow,Calibration records details...
CR129,A38,Quaterly,2024-06-09,2024-08-09,Snow,Calibration records details...
CR130,A124,Quaterly,2024-04-13,2024-06-13,Jackie,Calibration records details...
CR131,A28,Quaterly,2023-10-22,2023-12-22,Snow,Calibration records details...
CR132,A94,Quaterly,2023-07-06,2023-09-06,Jackie,Calibration records details...
CR133,A123,Quaterly,2024-03-30,2024-05-30,Snow,Calibration records details...
CR134,A29,Quaterly,2024-04-26,2024-06-26,Jackie,Calibration records details...
CR135,A122,Quaterly,2024-04-03,2024-06-03,Jackie,Calibration records details...
CR136,A51,Quaterly,2024-02-22,2024-04-22,Smith,Calibration records details...
CR137,A172,Quaterly,2024-02-03,2024-04-03,Smith,Calibration records details...
CR138,A2,Quaterly,2023-10-18,2023-12-18,Jackie,Calibration records details...
CR139,A17,Quaterly,2023-12-02,2024-02-02,Snow,Calibration records details...
CR140,A93,Quaterly,2024-04-30,2024-06-30,Jackie,Calibration records details...
CR141,A181,Quaterly,2023-09-06,2023-11-06,Smith,Calibration records details...
CR142,A147,Quaterly,2024-01-12,2024-03-12,Jackie,Calibration records details...
CR143,A32,Quaterly,2024-01-02,2024-03-02,Snow,Calibration records details...
CR144,A136,Quaterly,2023-12-01,2024-02-01,Smith,Calibration records details...
CR145,A91,Quaterly,2024-01-04,2024-03-04,Snow,Calibration records details...
CR146,A163,Quaterly,2024-02-15,2024-04-15,Snow,Calibration records details...
CR147,A151,Quaterly,2023-12-03,2024-02-03,Snow,Calibration records details...
CR148,A73,Quaterly,2023-08-02,2023-10-02,Smith,Calibration records details...
CR149,A167,Quaterly,2023-08-23,2023-10-23,Smith,Calibration records details...
CR150,A5,Quaterly,2023-11-03,2024-01-03,Snow,Calibration records details...
CR151,A183,Quaterly,2023-09-05,2023-11-05,Smith,Calibration records details...
CR152,A125,Quaterly,2024-02-10,2024-04-10,Smith,Calibration records details...
CR153,A55,Quaterly,2023-08-04,2023-10-04,Smith,Calibration records details...
CR154,A169,Quaterly,2023-12-24,2024-02-24,Snow,Calibration records details...
CR155,A116,Quaterly,2023-06-30,2023-08-30,Snow,Calibration records details...
CR156,A148,Quaterly,2024-06-01,2024-08-01,Smith,Calibration records details...
CR157,A59,Quaterly,2024-06-10,2024-08-10,Smith,Calibration records details...
CR158,A15,Quaterly,2023-10-21,2023-12-21,Smith,Calibration records details...
CR159,A81,Quaterly,2024-05-14,2024-07-14,Snow,Calibration records details...
CR160,A165,Quaterly,2024-04-12,2024-06-12,Smith,Calibration records details...
CR161,A101,Quaterly,2024-04-15,2024-06-15,Jackie,Calibration records details...
CR162,A162,Quaterly,2023-09-28,2023-11-28,Snow,Calibration records details...
CR163,A153,Quaterly,2024-05-31,2024-07-31,Smith,Calibration records details...
CR164,A68,Quaterly,2023-11-15,2024-01-15,Jackie,Calibration records details...
CR165,A134,Quaterly,2023-06-26,2023-08-26,Jackie,Calibration records details...
CR166,A48,Quaterly,2024-02-21,2024-04-21,Jackie,Calibration records details...
CR167,A96,Quaterly,2024-05-04,2024-07-04,Smith,Calibration records details...
CR168,A32,Quaterly,2023-10-23,2023-12-23,Jackie,Calibration records details...
CR169,A16,Quaterly,2023-10-10,2023-12-10,Smith,Calibration records details...
CR170,A116,Quaterly,2024-02-16,2024-04-16,Jackie,Calibration records details...
CR171,A155,Quaterly,2024-04-25,2024-06-25,Smith,Calibration records details...
CR172,A140,Quaterly,2023-11-10,2024-01-10,Jackie,Calibration records details...
CR173,A17,Quaterly,2023-07-08,2023-09-08,Jackie,Calibration records details...
CR174,A112,Quaterly,2023-12-29,2024-02-29,Snow,Calibration records details...
CR175,A168,Quaterly,2023-10-05,2023-12-05,Smith,Calibration records details...
CR176,A143,Quaterly,2023-07-28,2023-09-28,Smith,Calibration records details...
CR177,A132,Quaterly,2023-06-21,2023-08-21,Snow,Calibration records details...
CR178,A191,Quaterly,2023-12-02,2024-02-02,Jackie,Calibration records details...
CR179,A115,Quaterly,2023-10-29,2023-12-29,Smith,Calibration records details...
CR180,A33,Quaterly,2023-12-20,2024-02-20,Jackie,Calibration records details...
CR181,A132,Quaterly,2023-11-02,2024-01-02,Snow,Calibration records details...
CR182,A96,Quaterly,2023-12-11,2024-02-11,Jackie,Calibration records details...
CR183,A157,Quaterly,2023-12-10,2024-02-10,Smith,Calibration records details...
CR184,A186,Quaterly,2024-02-11,2024-04-11,Snow,Calibration records details...
CR185,A171,Quaterly,2023-10-17,2023-12-17,Jackie,Calibration records details...
CR186,A39,Quaterly,2024-02-14,2024-04-14,Snow,Calibration records details...
CR187,A126,Quaterly,2023-12-26,2024-02-26,Snow,Calibration records details...
CR188,A98,Quaterly,2023-11-22,2024-01-22,Smith,Calibration records details...
CR189,A58,Quaterly,2023-09-17,2023-11-17,Snow,Calibration records details...
CR190,A131,Quaterly,2024-02-13,2024-04-13,Jackie,Calibration records details...
CR191,A160,Quaterly,2023-09-22,2023-11-22,Smith,Calibration records details...
CR192,A170,Quaterly,2024-01-16,2024-03-16,Jackie,Calibration records details...
CR193,A72,Quaterly,2023-06-22,2023-08-22,Snow,Calibration records details...
CR194,A173,Quaterly,2023-08-12,2023-10-12,Jackie,Calibration records details...
CR195,A59,Quaterly,2023-11-26,2024-01-26,Snow,Calibration records details...
CR196,A58,Quaterly,2024-01-29,2024-03-29,Smith,Calibration records details...
CR197,A17,Quaterly,2023-10-21,2023-12-21,Smith,Calibration records details...
CR198,A164,Quaterly,2024-05-10,2024-07-10,Snow,Calibration records details...
