id,Name,Address,Email,Phone
SUP1,Supplier1,Address1,supplier1@example.com,123-456-1000
SUP2,Supplier2,Address2,supplier2@example.com,123-456-1001
SUP3,Supplier3,Address3,supplier3@example.com,123-456-1002
SUP4,Supplier4,Address4,supplier4@example.com,123-456-1003
SUP5,Supplier5,Address5,supplier5@example.com,123-456-1004
SUP6,Supplier6,Address6,supplier6@example.com,123-456-1005
SUP7,Supplier7,Address7,supplier7@example.com,123-456-1006
SUP8,Supplier8,Address8,supplier8@example.com,123-456-1007
SUP9,Supplier9,Address9,supplier9@example.com,123-456-1008
SUP10,Supplier10,Address10,supplier10@example.com,123-456-1009
SUP11,Supplier11,Address11,supplier11@example.com,123-456-1010
SUP12,Supplier12,Address12,supplier12@example.com,123-456-1011
SUP13,Supplier13,Address13,supplier13@example.com,123-456-1012
SUP14,Supplier14,Address14,supplier14@example.com,123-456-1013
SUP15,Supplier15,Address15,supplier15@example.com,123-456-1014
SUP16,Supplier16,Address16,supplier16@example.com,123-456-1015
SUP17,Supplier17,Address17,supplier17@example.com,123-456-1016
SUP18,Supplier18,Address18,supplier18@example.com,123-456-1017
SUP19,Supplier19,Address19,supplier19@example.com,123-456-1018
SUP20,Supplier20,Address20,supplier20@example.com,123-456-1019
SUP21,Supplier21,Address21,supplier21@example.com,123-456-1020
SUP22,Supplier22,Address22,supplier22@example.com,123-456-1021
SUP23,Supplier23,Address23,supplier23@example.com,123-456-1022
SUP24,Supplier24,Address24,supplier24@example.com,123-456-1023
SUP25,Supplier25,Address25,supplier25@example.com,123-456-1024
SUP26,Supplier26,Address26,supplier26@example.com,123-456-1025
SUP27,Supplier27,Address27,supplier27@example.com,123-456-1026
SUP28,Supplier28,Address28,supplier28@example.com,123-456-1027
SUP29,Supplier29,Address29,supplier29@example.com,123-456-1028
SUP30,Supplier30,Address30,supplier30@example.com,123-456-1029
SUP31,Supplier31,Address31,supplier31@example.com,123-456-1030
SUP32,Supplier32,Address32,supplier32@example.com,123-456-1031
SUP33,Supplier33,Address33,supplier33@example.com,123-456-1032
SUP34,Supplier34,Address34,supplier34@example.com,123-456-1033
SUP35,Supplier35,Address35,supplier35@example.com,123-456-1034
SUP36,Supplier36,Address36,supplier36@example.com,123-456-1035
SUP37,Supplier37,Address37,supplier37@example.com,123-456-1036
SUP38,Supplier38,Address38,supplier38@example.com,123-456-1037
SUP39,Supplier39,Address39,supplier39@example.com,123-456-1038
SUP40,Supplier40,Address40,supplier40@example.com,123-456-1039
SUP41,Supplier41,Address41,supplier41@example.com,123-456-1040
SUP42,Supplier42,Address42,supplier42@example.com,123-456-1041
SUP43,Supplier43,Address43,supplier43@example.com,123-456-1042
SUP44,Supplier44,Address44,supplier44@example.com,123-456-1043
SUP45,Supplier45,Address45,supplier45@example.com,123-456-1044
SUP46,Supplier46,Address46,supplier46@example.com,123-456-1045
SUP47,Supplier47,Address47,supplier47@example.com,123-456-1046
SUP48,Supplier48,Address48,supplier48@example.com,123-456-1047
SUP49,Supplier49,Address49,supplier49@example.com,123-456-1048
SUP50,Supplier50,Address50,supplier50@example.com,123-456-1049
SUP51,Supplier51,Address51,supplier51@example.com,123-456-1050
SUP52,Supplier52,Address52,supplier52@example.com,123-456-1051
SUP53,Supplier53,Address53,supplier53@example.com,123-456-1052
SUP54,Supplier54,Address54,supplier54@example.com,123-456-1053
SUP55,Supplier55,Address55,supplier55@example.com,123-456-1054
SUP56,Supplier56,Address56,supplier56@example.com,123-456-1055
SUP57,Supplier57,Address57,supplier57@example.com,123-456-1056
SUP58,Supplier58,Address58,supplier58@example.com,123-456-1057
SUP59,Supplier59,Address59,supplier59@example.com,123-456-1058
SUP60,Supplier60,Address60,supplier60@example.com,123-456-1059
